Show,Season,Episode,Title
The Office,1,1,Pilot
The Office,1,2,Diversity Day
The Office,1,3,Health Care
The Office,1,4,The Alliance
The Office,1,5,Basketball
The Office,1,6,Hot Girl
The Office,2,1,The Dundies
The Office,2,2,Sexual Harassment
The Office,2,3,The Fire
The Office,2,4,Halloween
The Office,2,5,The Fight
The Office,2,6,The Client
The Office,2,7,Performance Review
The Office,2,8,E-Mail Surveillance
The Office,2,9,Christmas Party
The Office,2,10,Booze Cruise
The Office,2,11,The Injury
The Office,2,12,The Secret
The Office,2,13,The Carpet
The Office,2,14,Boys and Girls
The Office,2,15,Valentine’s Day
The Office,2,16,Dwight’s Speech
The Office,2,17,Take Your Daughter to Work Day
The Office,2,18,Michael’s Birthday
The Office,2,19,Drug Testing
The Office,2,20,Conflict Resolution
The Office,2,21,Casino Night
